experience_level,Programming,BI_Tools,Databases,Statistics,Big_Data,Soft_Skills
Entry,0.6505263157894737,0.29526315789473684,0.13736842105263158,0.2557894736842105,0.06526315789473684,0.5436842105263158
Senior,0.7159090909090909,0.4375,0.14204545454545456,0.3352272727272727,0.09943181818181818,0.6136363636363636
